rental_id,vehicle_id,customer_id,customer_name,customer_address,customer_tel,rent_date,proposed_return_date,actual_return_date,status
e700c54c-3bc2-4d6f-9c6e-b4f039ed4209,3,214425478415,Subodha,No 43,012345678,2025-08-02,2025-09-02,N/A,Returned
041c7072-88d9-407f-85e2-5169f38987b9,3,1212121454548,Subodha,Address,012345678,2025-07-26,2025-08-02,2025-08-03,Returned
5cf84fb2-d932-43a7-bc2c-d4a9fda05556,2,1201454545,sasas,sasa,012345678,2025-07-26,2025-07-28,2025-07-27,Rented
c3667fa5-57d5-49b6-b67c-170c30c77fc0,11,0153454054,2323,02233,323,2025-07-27,2025-08-05,2025-08-05,Returned
d6e2f650-fc8d-4446-8b81-2811d96253e0,11,504547541543,vcv,vcvc,vcvc,2025-07-31,2025-08-02,2025-08-04,Returned
0d309972-8d2f-4f47-b564-08c0df969a01,14,105441540142,Subodha,No 32,012346678,2025-08-01,2025-09-04,2025-09-04,Returned
8e77571a-430b-414e-b568-5c23f48ee7a4,1,24453455514582,asasa,sasass,sasas,2025-08-02,2025-08-03,N/A,Rented
